nodeID,networkCanvasEgoUUID,networkCanvasUUID,Close,Drugs,Sex,Cords_x,Cords_y,Age,ContactFreq,RelStrength,Serious,Gender_Female,Gender_Male,Gender_Gender_non-conforming,Gender_Genderqueer,Gender_Non-binary,Gender_Agender,Gender_Dont_know,Gender_Not_listed,Hispanic_Hispanic_or_Latino,Hispanic_Not_Hispanic_or_Latino,Race_Black_African_American,Race_American_Indian_or_Alaskan_Native,Race_Asian,Race_White,Race_Native_Hawaiian_or_Other_Pacific_Islander,Race_Other,SexOrient_Bisexual,SexOrient_Heterosexual_Straight,SexOrient_Gay_Lesbian,SexOrient_Queer,SexOrient_Not_listed,SexOrient_Dont_want_to_answer,SexOrient_Dont_know,MarijuanaFreq,CocaineFreq,HeroinFreq,PainkillerFreq,PoppersFreq,PlaceMet_Bar_Club,PlaceMet_Online_Mobile_App,PlaceMet_School,PlaceMet_Work,PlaceMet_Somewhere_Else,AnalSex_Anal_sex,AnalSex_No_anal_sex,CondomCat_Condomless_anal_sex,CondomCat_No_condomless_anal_sex,name,FirstSex,LastSex,OngoingPartner,null
1,6e26f4dd-64ea-4ae5-8447-dfb44bed3354,4a517084-363c-4e17-89b0-aac53950c993,true,,true,0.3615845563170548,0.40976138828633407,29,Daily,Very_close,true,false,true,false,false,false,false,false,false,false,true,false,false,true,false,false,false,false,false,true,false,false,false,false,,,,,,false,false,true,false,false,true,false,true,false,Ethan,2024-06-22,2024-11-21,true,
2,6e26f4dd-64ea-4ae5-8447-dfb44bed3354,5190efca-1a87-470d-9434-5dc030d2ed8f,true,true,true,0.7144736684727355,0.4421547360809834,34,Weekly,Very_close,,false,true,false,false,false,false,false,false,false,true,true,false,false,false,false,false,false,false,true,false,false,false,false,Not_in_the_past_six_months,,,,Daily,false,true,false,false,false,true,false,false,true,Marcus,2024-08-15,2024-08-30,false,
3,6e26f4dd-64ea-4ae5-8447-dfb44bed3354,01ab4b4f-c12d-46df-aaef-78c335736baa,true,true,,0.3409164304424271,0.6955169920462763,25,Less_than_weekly,Somewhat_close,,false,true,false,false,false,false,false,false,false,true,false,false,false,true,false,false,false,false,true,false,false,false,false,Not_in_the_past_six_months,,,,Daily,false,false,false,false,false,false,false,false,false,Luca,,,,
4,6e26f4dd-64ea-4ae5-8447-dfb44bed3354,9152d2e4-8721-40e5-9de1-15179da0fdb0,true,true,,0.4779384501297738,0.7371655820679682,42,Less_than_weekly,Not_close_at_all,,false,true,false,false,false,false,false,false,false,true,true,false,false,false,false,false,false,false,true,false,false,false,false,Less_Than_Weekly,,,,Daily,false,false,false,false,false,false,false,false,false,Jamal,,,,
5,6e26f4dd-64ea-4ae5-8447-dfb44bed3354,555af46c-b373-49ef-a90d-a9b7e02d2420,true,,true,0.5208056741660387,0.2767172812725958,38,Weekly,Somewhat_close,true,false,false,false,true,false,false,false,false,false,true,false,false,false,true,false,false,false,false,true,false,false,false,false,,,,,,true,false,false,false,false,true,false,false,true,Samuel,2024-10-08,2024-12-12,true,
