nodeID,networkCanvasEgoUUID,networkCanvasUUID,Close,Drugs,Sex,Cords_x,Cords_y,Age,ContactFreq,RelStrength,Serious,Gender_Female,Gender_Male,Gender_Gender_non-conforming,Gender_Genderqueer,Gender_Non-binary,Gender_Agender,Gender_Dont_know,Gender_Not_listed,Hispanic_Hispanic_or_Latino,Hispanic_Not_Hispanic_or_Latino,Race_Black_African_American,Race_American_Indian_or_Alaskan_Native,Race_Asian,Race_White,Race_Native_Hawaiian_or_Other_Pacific_Islander,Race_Other,SexOrient_Bisexual,SexOrient_Heterosexual_Straight,SexOrient_Gay_Lesbian,SexOrient_Queer,SexOrient_Not_listed,SexOrient_Dont_want_to_answer,SexOrient_Dont_know,MarijuanaFreq,CocaineFreq,HeroinFreq,PainkillerFreq,PoppersFreq,PlaceMet_Bar_Club,PlaceMet_Online_Mobile_App,PlaceMet_School,PlaceMet_Work,PlaceMet_Somewhere_Else,AnalSex_Anal_sex,AnalSex_No_anal_sex,CondomCat_Condomless_anal_sex,CondomCat_No_condomless_anal_sex,name,FirstSex,LastSex,OngoingPartner,null
1,e8d51e04-0054-4bd5-80d5-46469622f8e2,78115901-965b-4ba5-98a7-eb3846a7d977,true,,,0.4930217842202093,0.6290185676392573,27,Less_than_weekly,Somewhat_close,,false,true,false,false,false,false,false,false,false,true,true,false,false,false,false,false,false,false,true,false,false,false,false,,,,,,false,false,false,false,false,false,false,false,false,Jordan Smith,,,,
2,e8d51e04-0054-4bd5-80d5-46469622f8e2,0ce219c6-c957-4b69-b032-c9f87683e259,true,true,,0.4135252000890587,0.5316887709991158,34,Less_than_weekly,Somewhat_close,,false,true,false,false,false,false,false,false,false,true,false,false,false,true,false,false,false,false,true,false,false,false,false,Less_Than_Weekly,,,Less_than_weekly,Less_than_weekly,false,false,false,false,false,false,false,false,false,Casey Lee,,,,
3,e8d51e04-0054-4bd5-80d5-46469622f8e2,6d76e8ed-3bcd-446c-928d-8a6cd21cd417,true,,,0.4682728476510775,0.5441379310344827,22,Less_than_weekly,Not_close_at_all,,false,true,false,false,false,false,false,false,false,true,false,false,false,false,true,false,false,false,true,false,false,false,false,,,,,,false,false,false,false,false,false,false,false,false,Avery Taylor,,,,
4,e8d51e04-0054-4bd5-80d5-46469622f8e2,3e521d7b-a3bc-493d-bf78-90a176ae423b,true,true,,0.37977665022206075,0.3506100795755968,29,Weekly,Somewhat_close,,false,false,false,false,true,false,false,false,false,true,false,false,false,true,false,false,false,false,true,false,false,false,false,Less_Than_Weekly,,,Less_than_weekly,Less_than_weekly,false,false,false,false,false,false,false,false,false,Morgan Carter,,,,
5,e8d51e04-0054-4bd5-80d5-46469622f8e2,84df38ee-a11f-402d-ba8f-2311b86e953d,true,,,0.7592603442820817,0.43209549071618036,,Less_than_weekly,Somewhat_close,,false,true,false,false,false,false,false,false,false,true,false,false,false,true,false,false,false,false,true,false,false,false,false,,,,,,false,false,false,false,false,false,false,false,false,Riley Bennett,,,,
6,e8d51e04-0054-4bd5-80d5-46469622f8e2,3ea06447-f62b-4cf7-9075-1aacb3430494,,true,true,0.7442609887856381,0.316657824933687,25,Less_than_weekly,Somewhat_close,,false,true,false,false,false,false,false,false,false,true,false,false,false,true,false,false,false,false,true,false,false,false,false,Less_Than_Weekly,,,Less_than_weekly,Less_than_weekly,false,true,false,false,false,true,false,false,true,Alexis Kim,2024-06-20,2024-12-14,true,
7,e8d51e04-0054-4bd5-80d5-46469622f8e2,1c9e2f53-c919-4f06-9105-684e57146f01,,true,true,0.5050212686173641,0.47510167992926616,36,Daily,Very_close,true,false,true,false,false,false,false,false,false,false,true,false,false,false,true,false,false,false,false,true,false,false,false,false,Daily,,,Less_than_weekly,Less_than_weekly,false,false,true,false,false,true,false,true,false,Jamie Brooks,2024-06-20,2024-12-17,true,
