nodeID,networkCanvasEgoUUID,networkCanvasUUID,Close,Drugs,Sex,Cords_x,Cords_y,Age,ContactFreq,RelStrength,Serious,Gender_Female,Gender_Male,Gender_Gender_non-conforming,Gender_Genderqueer,Gender_Non-binary,Gender_Agender,Gender_Dont_know,Gender_Not_listed,Hispanic_Hispanic_or_Latino,Hispanic_Not_Hispanic_or_Latino,Race_Black_African_American,Race_American_Indian_or_Alaskan_Native,Race_Asian,Race_White,Race_Native_Hawaiian_or_Other_Pacific_Islander,Race_Other,SexOrient_Bisexual,SexOrient_Heterosexual_Straight,SexOrient_Gay_Lesbian,SexOrient_Queer,SexOrient_Not_listed,SexOrient_Dont_want_to_answer,SexOrient_Dont_know,MarijuanaFreq,CocaineFreq,HeroinFreq,PainkillerFreq,PoppersFreq,PlaceMet_Bar_Club,PlaceMet_Online_Mobile_App,PlaceMet_School,PlaceMet_Work,PlaceMet_Somewhere_Else,AnalSex_Anal_sex,AnalSex_No_anal_sex,CondomCat_Condomless_anal_sex,CondomCat_No_condomless_anal_sex,name,FirstSex,LastSex,OngoingPartner
1,1b915958-a970-4742-9f98-154a5b97c3e9,38eea03a-de1e-4a0b-bd22-9424cd1d9011,true,false,false,0.187166,0.669056,28,Weekly,Somewhat_close,false,false,false,true,false,false,false,false,false,false,true,true,false,false,false,false,false,false,false,false,false,true,false,false,Weekly,Weekly,Less_than_weekly,Daily,Not_in_the_past_6_months,false,false,false,true,false,false,true,true,false,Reginald Thiel,2023-07-16,2023-07-17,true
2,1b915958-a970-4742-9f98-154a5b97c3e9,21fc603a-34af-42eb-a317-14b9f04d811f,true,false,true,0.113643,0.573785,91,Less_than_weekly,Not_close_at_all,true,false,false,false,false,false,false,true,false,true,false,false,false,false,false,false,true,false,false,false,false,true,false,false,Weekly,Daily,Weekly,Less_than_weekly,Less_than_weekly,false,true,false,false,false,true,false,false,true,Chris McDermott,2023-07-17,2023-07-16,false
3,1b915958-a970-4742-9f98-154a5b97c3e9,b22bcff1-e4b9-4aa8-b4cd-0667a1f19ea9,false,false,true,0.84254,0.111504,90,Daily,Somewhat_close,true,false,false,false,false,true,false,false,false,false,true,false,false,true,false,false,false,false,false,true,false,false,false,false,Less_Than_Weekly,Not_in_the_past_6_months,Daily,Daily,Daily,false,true,false,false,false,true,false,false,true,Kevin Herzog,2023-07-17,2023-07-17,true
4,1b915958-a970-4742-9f98-154a5b97c3e9,df31eaa1-bc6d-4213-a25e-61536391a23f,false,false,false,0.636706,0.320228,51,Weekly,Not_close_at_all,false,true,false,false,false,false,false,false,false,false,true,false,true,false,false,false,false,true,false,false,false,false,false,false,Daily,Less_than_weekly,Less_than_weekly,Weekly,Less_than_weekly,true,false,false,false,false,true,false,false,true,Cathy Cartwright,2023-07-17,2023-07-16,false
5,1b915958-a970-4742-9f98-154a5b97c3e9,c9a1103c-2246-427c-bd7b-f11ea1bf242f,true,true,true,0.981974,0.406175,82,Weekly,Not_close_at_all,true,false,false,false,false,false,true,false,false,true,false,false,false,false,true,false,false,false,false,false,false,false,false,true,Less_Than_Weekly,Weekly,Daily,Daily,Weekly,false,false,false,false,true,false,true,false,true,Sara Crona,2023-07-16,2023-07-17,true
6,1b915958-a970-4742-9f98-154a5b97c3e9,c202aa1a-9d24-48b1-82ea-6dbc5e9580f7,true,true,false,0.405273,0.649665,56,Never,Not_close_at_all,true,false,false,false,false,false,true,false,false,false,true,false,false,false,true,false,false,true,false,false,false,false,false,false,Weekly,Weekly,Not_in_the_past_6_months,Weekly,Not_in_the_past_6_months,true,false,false,false,false,true,false,false,true,Johnnie Mante,2023-07-17,2023-07-16,true
7,1b915958-a970-4742-9f98-154a5b97c3e9,d5c1b2a4-1336-4084-86a5-975b6566ff68,false,false,true,0.151641,0.556092,87,Daily,Very_close,false,true,false,false,false,false,false,false,false,false,true,false,false,false,false,false,true,true,false,false,false,false,false,false,Not_in_the_past_six_months,Less_than_weekly,Less_than_weekly,Not_in_hte_past_6_months,Daily,false,false,false,true,false,false,true,true,false,Lorraine Miller V,2023-07-17,2023-07-17,false
