edgeID,from,to,networkCanvasEgoUUID,networkCanvasUUID,networkCanvasSourceUUID,networkCanvasTargetUUID,AlterSexTie
12,2,5,769efcdc-947a-42e2-aabe-803bb3a9219b,b93b0f3c-f95c-4ed0-be9c-6dcd18f115df,99e58b9f-8c4b-480d-9810-acd665601bf8,b6c9309f-22d4-4963-b127-336ba2cb58dd,
13,8,6,769efcdc-947a-42e2-aabe-803bb3a9219b,6111292e-4e38-4655-98c0-608d223b9827,8db428f7-b908-404d-a363-e38424068776,d96b2374-c459-4c0e-9ae3-473f8fcf2d31,
14,7,6,769efcdc-947a-42e2-aabe-803bb3a9219b,623c2c74-4271-45d9-9608-841b6d7fa1ae,8c739057-e125-41f1-b6cd-a8de2982c6c4,d96b2374-c459-4c0e-9ae3-473f8fcf2d31,
15,8,7,769efcdc-947a-42e2-aabe-803bb3a9219b,98306385-b633-4090-8ebf-4ea12ffae24c,8db428f7-b908-404d-a363-e38424068776,8c739057-e125-41f1-b6cd-a8de2982c6c4,
16,5,9,769efcdc-947a-42e2-aabe-803bb3a9219b,86a9d982-3c62-40b7-8519-bd2e6904335e,b6c9309f-22d4-4963-b127-336ba2cb58dd,cd37306d-c883-4131-9544-7631c7f453bd,
