nodeID,networkCanvasEgoUUID,networkCanvasUUID,Close,Drugs,Sex,Cords_x,Cords_y,Age,ContactFreq,RelStrength,Serious,Gender_Female,Gender_Male,Gender_Gender_non-conforming,Gender_Genderqueer,Gender_Non-binary,Gender_Agender,Gender_Dont_know,Gender_Not_listed,Hispanic_Hispanic_or_Latino,Hispanic_Not_Hispanic_or_Latino,Race_Black_African_American,Race_American_Indian_or_Alaskan_Native,Race_Asian,Race_White,Race_Native_Hawaiian_or_Other_Pacific_Islander,Race_Other,SexOrient_Bisexual,SexOrient_Heterosexual_Straight,SexOrient_Gay_Lesbian,SexOrient_Queer,SexOrient_Not_listed,SexOrient_Dont_want_to_answer,SexOrient_Dont_know,MarijuanaFreq,CocaineFreq,HeroinFreq,PainkillerFreq,PoppersFreq,PlaceMet_Bar_Club,PlaceMet_Online_Mobile_App,PlaceMet_School,PlaceMet_Work,PlaceMet_Somewhere_Else,AnalSex_Anal_sex,AnalSex_No_anal_sex,CondomCat_Condomless_anal_sex,CondomCat_No_condomless_anal_sex,name,FirstSex,LastSex,OngoingPartner,null
1,73f7a086-46fd-4589-a66e-41d14f0e2880,19670eb2-5abe-4ba5-92ce-d60e494e04ab,true,,,0.42129247551042376,0.5254519161243674,26,Daily,Somewhat_close,,false,true,false,false,false,false,false,false,false,true,false,false,true,false,false,false,false,false,true,false,false,false,false,,,,,,false,false,false,false,false,false,false,false,false,Max,,,,
2,73f7a086-46fd-4589-a66e-41d14f0e2880,a6a3f37d-ba5e-455b-a994-adb905539f0e,true,,,0.6685444998624517,0.09045553145336226,32,Weekly,Somewhat_close,,false,true,false,false,false,false,false,false,false,true,false,false,false,true,false,false,false,false,true,false,false,false,false,,,,,,false,false,false,false,false,false,false,false,false,Isaac,,,,
3,73f7a086-46fd-4589-a66e-41d14f0e2880,8a1eab74-87dc-4c0a-8b5e-547128d3f92f,true,,,0.7427966557824106,0.24779464931308748,40,Weekly,Very_close,,false,true,false,false,false,false,false,false,false,true,false,false,false,true,false,false,true,false,false,false,false,false,false,,,,,,false,false,false,false,false,false,false,false,false,Henry,,,,
4,73f7a086-46fd-4589-a66e-41d14f0e2880,0ce28757-2c7d-48b4-afaf-12fc8282540c,,true,,0.4388986568110326,0.6955169920462763,22,Daily,Somewhat_close,,false,true,false,false,false,false,false,false,false,true,false,false,false,true,false,false,false,false,true,false,false,false,false,Weekly,,,,,false,false,false,false,false,false,false,false,false,Zane,,,,
5,73f7a086-46fd-4589-a66e-41d14f0e2880,1b240e84-0983-4688-87ea-c96eed7401f3,,,true,0.31335892927625675,0.5150397686189443,29,Less_than_weekly,Not_close_at_all,,false,true,false,false,false,false,false,false,true,false,true,false,false,false,false,false,false,false,true,false,false,false,false,,,,,,false,true,false,false,false,true,false,false,true,Jordan,2024-07-16,2024-07-16,false,
6,73f7a086-46fd-4589-a66e-41d14f0e2880,7a3f49d2-d34b-4449-a71a-c94383bfe202,,,true,0.6838542227325464,0.6538684020245842,34,Never,Not_close_at_all,,false,true,false,false,false,false,false,false,false,true,false,false,false,true,false,false,true,false,false,false,false,false,false,,,,,,false,true,false,false,false,false,true,false,false,Ryan,2024-09-10,2024-12-17,true,
