edgeID,from,to,networkCanvasEgoUUID,networkCanvasUUID,networkCanvasSourceUUID,networkCanvasTargetUUID,AlterSexTie
1,7,3,e8d51e04-0054-4bd5-80d5-46469622f8e2,5d4f4ab9-f280-4ab1-80af-f19d6a5eb2d8,1c9e2f53-c919-4f06-9105-684e57146f01,6d76e8ed-3bcd-446c-928d-8a6cd21cd417,
2,7,2,e8d51e04-0054-4bd5-80d5-46469622f8e2,a96e0e5d-19be-43e7-9847-1b515f91dc8d,1c9e2f53-c919-4f06-9105-684e57146f01,0ce219c6-c957-4b69-b032-c9f87683e259,
3,7,1,e8d51e04-0054-4bd5-80d5-46469622f8e2,03b438d4-6903-444b-8083-3b65b96db704,1c9e2f53-c919-4f06-9105-684e57146f01,78115901-965b-4ba5-98a7-eb3846a7d977,
4,7,4,e8d51e04-0054-4bd5-80d5-46469622f8e2,bedccfee-b0c3-48aa-9be5-27b7db7f49f7,1c9e2f53-c919-4f06-9105-684e57146f01,3e521d7b-a3bc-493d-bf78-90a176ae423b,
5,7,5,e8d51e04-0054-4bd5-80d5-46469622f8e2,d9ef428e-5f6f-4ec0-9572-0d199cb2d6ee,1c9e2f53-c919-4f06-9105-684e57146f01,84df38ee-a11f-402d-ba8f-2311b86e953d,
6,5,6,e8d51e04-0054-4bd5-80d5-46469622f8e2,dc6bd33d-eff3-46cf-bbe8-5165ce027fe0,84df38ee-a11f-402d-ba8f-2311b86e953d,3ea06447-f62b-4cf7-9075-1aacb3430494,
7,1,2,e8d51e04-0054-4bd5-80d5-46469622f8e2,4a4d8d2a-2ea0-474d-8132-86397e53b478,78115901-965b-4ba5-98a7-eb3846a7d977,0ce219c6-c957-4b69-b032-c9f87683e259,
8,3,1,e8d51e04-0054-4bd5-80d5-46469622f8e2,a44711e6-106d-4e13-92e4-7c1244536d7c,6d76e8ed-3bcd-446c-928d-8a6cd21cd417,78115901-965b-4ba5-98a7-eb3846a7d977,
9,3,2,e8d51e04-0054-4bd5-80d5-46469622f8e2,1b4390de-462e-48fd-b9a8-8f36458764ab,6d76e8ed-3bcd-446c-928d-8a6cd21cd417,0ce219c6-c957-4b69-b032-c9f87683e259,
