nodeID,networkCanvasEgoUUID,networkCanvasUUID,Close,Drugs,Sex,Cords_x,Cords_y,Age,ContactFreq,RelStrength,Serious,Gender_Female,Gender_Male,Gender_Gender_non-conforming,Gender_Genderqueer,Gender_Non-binary,Gender_Agender,Gender_Dont_know,Gender_Not_listed,Hispanic_Hispanic_or_Latino,Hispanic_Not_Hispanic_or_Latino,Race_Black_African_American,Race_American_Indian_or_Alaskan_Native,Race_Asian,Race_White,Race_Native_Hawaiian_or_Other_Pacific_Islander,Race_Other,SexOrient_Bisexual,SexOrient_Heterosexual_Straight,SexOrient_Gay_Lesbian,SexOrient_Queer,SexOrient_Not_listed,SexOrient_Dont_want_to_answer,SexOrient_Dont_know,MarijuanaFreq,CocaineFreq,HeroinFreq,PainkillerFreq,PoppersFreq,PlaceMet_Bar_Club,PlaceMet_Online_Mobile_App,PlaceMet_School,PlaceMet_Work,PlaceMet_Somewhere_Else,AnalSex_Anal_sex,AnalSex_No_anal_sex,CondomCat_Condomless_anal_sex,CondomCat_No_condomless_anal_sex,name,FirstSex,LastSex,OngoingPartner,null
1,66a48c32-f5b7-4161-8833-4903c27f3123,3bd8ae0a-e031-433e-a490-42a314adebcb,true,,true,0.2995801786931716,0.2801879971077368,27,Weekly,Somewhat_close,,false,true,false,false,false,false,false,false,false,true,false,false,false,true,false,false,true,false,false,false,false,false,false,,,,,,false,false,false,false,true,true,false,false,true,Dylan,2024-07-16,2024-07-17,false,
2,66a48c32-f5b7-4161-8833-4903c27f3123,cdbb2bfb-da3d-4e3e-b875-d6d9c634f6dd,true,true,,0.4641596995466887,0.2720896601590745,35,Less_than_weekly,Somewhat_close,,false,true,false,false,false,false,false,false,false,true,false,false,false,true,false,false,false,false,true,false,false,false,false,,,,,,false,false,false,false,false,false,false,false,false,Oliver,,,,
3,66a48c32-f5b7-4161-8833-4903c27f3123,d92a0c70-8a62-4bfd-a589-685b106aa9c4,true,,true,0.355460667169017,0.6735357917570499,22,Less_than_weekly,Somewhat_close,,false,true,false,false,false,false,false,false,false,true,false,false,false,true,false,false,false,false,true,false,false,false,false,,,,,,false,true,false,false,false,true,false,false,true,Jacob,2024-09-11,2024-11-22,true,
4,66a48c32-f5b7-4161-8833-4903c27f3123,28c0e450-7d74-4d27-aff1-6b55244bf103,true,true,,0.2689607329529824,0.572885032537961,41,Never,Somewhat_close,,false,true,false,false,false,false,false,false,false,true,false,false,false,true,false,false,false,false,true,false,false,false,false,,,,,,false,false,false,false,false,false,false,false,false,Xavier,,,,
5,66a48c32-f5b7-4161-8833-4903c27f3123,d2f4ea13-6084-49bd-a0dc-ec81adbbb657,,,true,0.6149604698171206,0.47801879971077366,30,Daily,Very_close,true,false,true,false,false,false,false,false,false,false,true,false,false,false,true,false,false,false,false,true,false,false,false,false,,,,,,false,true,false,false,false,true,false,true,false,Nathan,2024-06-20,2024-12-14,true,
