edgeID,from,to,networkCanvasEgoUUID,networkCanvasUUID,networkCanvasSourceUUID,networkCanvasTargetUUID,AlterSexTie
1,1,3,12a5b8fe-bbac-47c5-a694-a93035e9a54f,6522954f-fa2a-4e2f-9a28-dfa540ff5d9b,30c1e006-538a-424d-b7fb-6c67e5564326,b91ece7e-d221-4bb0-a87c-e06f182b3f29,
2,3,2,12a5b8fe-bbac-47c5-a694-a93035e9a54f,9d8dfea6-e3e0-4942-9159-c1277b96a05b,b91ece7e-d221-4bb0-a87c-e06f182b3f29,1759f814-90d0-40d3-8203-e015a7c5a25a,
3,2,1,12a5b8fe-bbac-47c5-a694-a93035e9a54f,00155c81-a044-423d-a1d6-082858895ca2,1759f814-90d0-40d3-8203-e015a7c5a25a,30c1e006-538a-424d-b7fb-6c67e5564326,
4,3,5,12a5b8fe-bbac-47c5-a694-a93035e9a54f,00d034cd-384e-4f7c-94c8-855d6301b491,b91ece7e-d221-4bb0-a87c-e06f182b3f29,9fbcbadf-1f4b-4390-ab40-f0be2994f11a,
5,3,4,12a5b8fe-bbac-47c5-a694-a93035e9a54f,9ad41c3c-1bd8-43db-900c-5c5beb3b5967,b91ece7e-d221-4bb0-a87c-e06f182b3f29,92f9822d-36f4-47de-a398-e92d379e5711,
6,5,1,12a5b8fe-bbac-47c5-a694-a93035e9a54f,ab7a20c2-3753-4cb6-b41c-e361b061d6d1,9fbcbadf-1f4b-4390-ab40-f0be2994f11a,30c1e006-538a-424d-b7fb-6c67e5564326,
