edgeID,from,to,networkCanvasEgoUUID,networkCanvasUUID,networkCanvasSourceUUID,networkCanvasTargetUUID,AlterSexTie
1,2,1,769efcdc-947a-42e2-aabe-803bb3a9219b,645eda34-dc08-4d38-80c1-75bb7bf8e215,99e58b9f-8c4b-480d-9810-acd665601bf8,b2895533-b5bc-4b32-83c9-a6261495d4ac,
2,4,3,769efcdc-947a-42e2-aabe-803bb3a9219b,0697ae64-050b-4178-9cd9-e6c987dd1dfe,7274b4dc-2136-4ae0-8642-04bc4cd54264,9de06bc5-3461-4e78-a8b6-7315f7e5aeb5,
3,8,3,769efcdc-947a-42e2-aabe-803bb3a9219b,86883ff6-3180-4bda-9cac-94a6e8d8bbb9,8db428f7-b908-404d-a363-e38424068776,9de06bc5-3461-4e78-a8b6-7315f7e5aeb5,
4,8,6,769efcdc-947a-42e2-aabe-803bb3a9219b,78f984ff-2e0b-4a4c-9cb1-fec89966c411,8db428f7-b908-404d-a363-e38424068776,d96b2374-c459-4c0e-9ae3-473f8fcf2d31,
5,6,7,769efcdc-947a-42e2-aabe-803bb3a9219b,80a1a98f-af82-4a42-bb8e-af0976f6d9ca,d96b2374-c459-4c0e-9ae3-473f8fcf2d31,8c739057-e125-41f1-b6cd-a8de2982c6c4,
6,7,8,769efcdc-947a-42e2-aabe-803bb3a9219b,b379be25-0363-4ee0-bbea-945f71801dd8,8c739057-e125-41f1-b6cd-a8de2982c6c4,8db428f7-b908-404d-a363-e38424068776,
7,3,7,769efcdc-947a-42e2-aabe-803bb3a9219b,6e1657ec-70ae-4957-84ae-aac34ab445e4,9de06bc5-3461-4e78-a8b6-7315f7e5aeb5,8c739057-e125-41f1-b6cd-a8de2982c6c4,
8,5,9,769efcdc-947a-42e2-aabe-803bb3a9219b,19140fa7-86df-4324-a5ac-51b6ebc806cf,b6c9309f-22d4-4963-b127-336ba2cb58dd,cd37306d-c883-4131-9544-7631c7f453bd,
