edgeID,from,to,networkCanvasEgoUUID,networkCanvasUUID,networkCanvasSourceUUID,networkCanvasTargetUUID,AlterSexTie
14,6,2,43a006e5-0083-4034-b185-7c4146caa2d2,6f760f8a-c137-448e-85eb-c85df5db63b8,1b6bf7cf-cf85-4df6-a4c5-9f4eea625c3a,b377b4d8-8c0d-4630-ae97-078cd9f34b55,
15,2,5,43a006e5-0083-4034-b185-7c4146caa2d2,61770a20-afd9-4756-9aff-389a909bab31,b377b4d8-8c0d-4630-ae97-078cd9f34b55,ff1b224e-d50b-4530-b3c7-e2d1057086b8,
16,2,7,43a006e5-0083-4034-b185-7c4146caa2d2,7df992b5-a294-4822-9ff2-91a81637808a,b377b4d8-8c0d-4630-ae97-078cd9f34b55,82486072-a948-4160-beb0-637b4874bf2a,
17,7,5,43a006e5-0083-4034-b185-7c4146caa2d2,741c1551-a0a6-450c-ad1a-a6ff5107805c,82486072-a948-4160-beb0-637b4874bf2a,ff1b224e-d50b-4530-b3c7-e2d1057086b8,
