"to","networkCanvasEgoUUID","networkCanvasUUID","networkCanvasSourceUUID","networkCanvasTargetUUID"
2,"aae09896-5fc5-4295-8349-58045da6e86a","929c47cc-8865-422c-b1d0-5cef9d8a017b","fdc65075-e24d-44ae-83a4-ccfc262c325d","2a7b3853-6ec0-4286-8c23-50c6917474d2"
1,"aae09896-5fc5-4295-8349-58045da6e86a","2d193ca1-7709-4774-9431-602715c7facc","38173b7d-1c84-4967-b753-7725e0cf7d8b","fdc65075-e24d-44ae-83a4-ccfc262c325d"
4,"aae09896-5fc5-4295-8349-58045da6e86a","de3decbe-7785-482d-aae9-0014abc67995","e2f1917d-29be-445f-a094-6b20ec66b3d1","38173b7d-1c84-4967-b753-7725e0cf7d8b"
3,"aae09896-5fc5-4295-8349-58045da6e86a","37623bc4-30ee-42a1-bbda-f8ccb291a09f","fdc65075-e24d-44ae-83a4-ccfc262c325d","e2f1917d-29be-445f-a094-6b20ec66b3d1"
4,"aae09896-5fc5-4295-8349-58045da6e86a","f38447b4-941c-428e-a851-d9fbfb14fd46","2a7b3853-6ec0-4286-8c23-50c6917474d2","38173b7d-1c84-4967-b753-7725e0cf7d8b"
