"edgeID","from","to","networkCanvasEgoUUID","networkCanvasUUID","networkCanvasSourceUUID","networkCanvasTargetUUID","AlterSexTie"
1,2,4,"102783ac-c48d-4953-97e6-3d84f39fd5d5","f9296f27-3448-4d9b-b38e-74b139394bf1","c27ed838-0d5d-4089-bd72-37932d4a88a1","bba4f38a-d40e-494b-af87-67086edab615","false"
2,5,8,"102783ac-c48d-4953-97e6-3d84f39fd5d5","ab3cd2b0-64c7-44fd-adf3-51513641c2ce","756d49fb-3430-4881-a13c-c21908e2be44","49b97cad-856a-4dc9-9eda-a8fd7566f16d","true"
4,7,3,"102783ac-c48d-4953-97e6-3d84f39fd5d5","cef4d989-598d-43d1-b8e3-f29b0bc85138","50944316-1b86-499c-98f9-f21a8025c00a","64d893e5-61fa-4969-a018-0c24440acf0a","true"
7,2,1,"102783ac-c48d-4953-97e6-3d84f39fd5d5","db063a70-0d81-4849-b127-6d22f728f1fb","c27ed838-0d5d-4089-bd72-37932d4a88a1","1a102c5d-7976-4518-bf7f-4f22522552c6","true"
8,6,7,"102783ac-c48d-4953-97e6-3d84f39fd5d5","5f5e3ade-e4c4-46c6-9265-42afa0cfe339","3a37d3d4-733e-41ef-9cdf-1c0d2952419e","50944316-1b86-499c-98f9-f21a8025c00a","false"
9,2,6,"102783ac-c48d-4953-97e6-3d84f39fd5d5","0d070af6-68d7-4ae5-8651-dfabf47a8490","c27ed838-0d5d-4089-bd72-37932d4a88a1","3a37d3d4-733e-41ef-9cdf-1c0d2952419e","true"
