nodeID,networkCanvasEgoUUID,networkCanvasUUID,Close,Drugs,Sex,Cords_x,Cords_y,Age,ContactFreq,RelStrength,Serious,Gender_Female,Gender_Male,Gender_Gender_non-conforming,Gender_Genderqueer,Gender_Non-binary,Gender_Agender,Gender_Dont_know,Gender_Not_listed,Hispanic_Hispanic_or_Latino,Hispanic_Not_Hispanic_or_Latino,Race_Black_African_American,Race_American_Indian_or_Alaskan_Native,Race_Asian,Race_White,Race_Native_Hawaiian_or_Other_Pacific_Islander,Race_Other,SexOrient_Bisexual,SexOrient_Heterosexual_Straight,SexOrient_Gay_Lesbian,SexOrient_Queer,SexOrient_Not_listed,SexOrient_Dont_want_to_answer,SexOrient_Dont_know,MarijuanaFreq,CocaineFreq,HeroinFreq,PainkillerFreq,PoppersFreq,PlaceMet_Bar_Club,PlaceMet_Online_Mobile_App,PlaceMet_School,PlaceMet_Work,PlaceMet_Somewhere_Else,AnalSex_Anal_sex,AnalSex_No_anal_sex,CondomCat_Condomless_anal_sex,CondomCat_No_condomless_anal_sex,name,FirstSex,LastSex,OngoingPartner,null
1,12a5b8fe-bbac-47c5-a694-a93035e9a54f,30c1e006-538a-424d-b7fb-6c67e5564326,true,,,0.5140208819152302,0.5565870910698497,23,Weekly,Very_close,,true,false,false,false,false,false,false,false,false,true,false,false,false,true,false,false,false,true,false,false,false,false,false,,,,,,false,false,false,false,false,false,false,false,false,Taylor Green,,,,
2,12a5b8fe-bbac-47c5-a694-a93035e9a54f,1759f814-90d0-40d3-8203-e015a7c5a25a,true,true,,0.5155208174648745,0.4479398762157383,30,Daily,Very_close,,false,true,false,false,false,false,false,false,true,false,true,false,false,false,false,false,true,false,false,false,false,false,false,,,,,Weekly,false,false,false,false,false,false,false,false,false,Drew Martinez,,,,
3,12a5b8fe-bbac-47c5-a694-a93035e9a54f,b91ece7e-d221-4bb0-a87c-e06f182b3f29,true,,,0.42777458781068,0.4796286472148541,28,Daily,Somewhat_close,,false,false,false,true,false,false,false,false,false,true,false,true,false,false,false,false,false,false,false,true,false,false,false,,,,,,false,false,false,false,false,false,false,false,false,Sydney Adams,,,,
4,12a5b8fe-bbac-47c5-a694-a93035e9a54f,92f9822d-36f4-47de-a398-e92d379e5711,true,,,0.23878270855549175,0.4060654288240495,33,Less_than_weekly,Somewhat_close,,false,false,false,false,false,false,true,false,false,true,false,false,true,false,false,false,true,false,false,false,false,false,false,,,,,,false,false,false,false,false,false,false,false,false,Logan White,,,,
5,12a5b8fe-bbac-47c5-a694-a93035e9a54f,9fbcbadf-1f4b-4390-ab40-f0be2994f11a,true,,,0.37077703692419467,0.6641025641025641,26,Less_than_weekly,Somewhat_close,,false,false,false,false,false,false,false,true,true,false,false,false,false,false,false,true,false,false,true,false,false,false,false,,,,,,false,false,false,false,false,false,false,false,false,Cameron Flores,,,,
6,12a5b8fe-bbac-47c5-a694-a93035e9a54f,1ddb4eb7-1305-44eb-bd55-396008a33d19,,,true,0.7420110854611716,0.6539168877099911,35,Never,Not_close_at_all,,false,true,false,false,false,false,false,false,true,false,false,false,false,true,false,false,false,false,false,true,false,false,false,,,,,,false,false,false,false,true,true,false,true,false,Quinn,2024-12-01,,false,
