"edgeID","from","to","networkCanvasEgoUUID","networkCanvasUUID","networkCanvasSourceUUID","networkCanvasTargetUUID","AlterSexTie"
1,2,4,"aae09896-5fc5-4295-8349-58045da6e86a","088f3319-2cdf-4e1d-961b-8d1c211e8e90","2a7b3853-6ec0-4286-8c23-50c6917474d2","38173b7d-1c84-4967-b753-7725e0cf7d8b","true"
4,3,2,"aae09896-5fc5-4295-8349-58045da6e86a","90c12395-3f27-48b4-910f-b797c1b6d79c","e2f1917d-29be-445f-a094-6b20ec66b3d1","2a7b3853-6ec0-4286-8c23-50c6917474d2","true"
6,1,2,"aae09896-5fc5-4295-8349-58045da6e86a","3715b1f7-5f7a-4434-ad71-46aaa6ce2b43","fdc65075-e24d-44ae-83a4-ccfc262c325d","2a7b3853-6ec0-4286-8c23-50c6917474d2","true"
9,1,4,"aae09896-5fc5-4295-8349-58045da6e86a","61ab9c3b-4b55-4ade-8458-dc49db7aa1d1","fdc65075-e24d-44ae-83a4-ccfc262c325d","38173b7d-1c84-4967-b753-7725e0cf7d8b","false"
13,4,3,"aae09896-5fc5-4295-8349-58045da6e86a","757a32ca-a977-4a98-a664-a3a6b39395a6","38173b7d-1c84-4967-b753-7725e0cf7d8b","e2f1917d-29be-445f-a094-6b20ec66b3d1","false"
14,3,1,"aae09896-5fc5-4295-8349-58045da6e86a","32195cad-e8da-4e57-b028-5fadcdbf5d0a","e2f1917d-29be-445f-a094-6b20ec66b3d1","fdc65075-e24d-44ae-83a4-ccfc262c325d","false"
