nodeID,networkCanvasEgoUUID,networkCanvasUUID,Close,Drugs,Sex,Cords_x,Cords_y,Age,ContactFreq,RelStrength,Serious,Gender_Female,Gender_Male,Gender_Gender_non-conforming,Gender_Genderqueer,Gender_Non-binary,Gender_Agender,Gender_Dont_know,Gender_Not_listed,Hispanic_Hispanic_or_Latino,Hispanic_Not_Hispanic_or_Latino,Race_Black_African_American,Race_American_Indian_or_Alaskan_Native,Race_Asian,Race_White,Race_Native_Hawaiian_or_Other_Pacific_Islander,Race_Other,SexOrient_Bisexual,SexOrient_Heterosexual_Straight,SexOrient_Gay_Lesbian,SexOrient_Queer,SexOrient_Not_listed,SexOrient_Dont_want_to_answer,SexOrient_Dont_know,MarijuanaFreq,CocaineFreq,HeroinFreq,PainkillerFreq,PoppersFreq,PlaceMet_Bar_Club,PlaceMet_Online_Mobile_App,PlaceMet_School,PlaceMet_Work,PlaceMet_Somewhere_Else,AnalSex_Anal_sex,AnalSex_No_anal_sex,CondomCat_Condomless_anal_sex,CondomCat_No_condomless_anal_sex,name,FirstSex,LastSex,OngoingPartner,null
1,43a006e5-0083-4034-b185-7c4146caa2d2,a6912b0a-c3a1-4312-956f-31f55ad47e86,true,,,0.5042713008425419,0.3528735632183908,25,Less_than_weekly,Not_close_at_all,,false,true,false,false,false,false,false,false,false,true,false,false,false,true,false,false,false,false,true,false,false,false,false,,,,,,false,false,false,false,false,false,false,false,false,Rowan Mitchell,,,,
2,43a006e5-0083-4034-b185-7c4146caa2d2,b377b4d8-8c0d-4630-ae97-078cd9f34b55,true,true,true,0.5200206241138076,0.503395225464191,,Daily,Very_close,true,false,true,false,false,false,false,false,false,true,false,true,false,false,false,false,false,true,false,false,false,false,false,false,Weekly,,,Less_than_weekly,Daily,false,false,true,false,false,true,false,false,true,Skylar Rivera,,2024-12-16,true,
3,43a006e5-0083-4034-b185-7c4146caa2d2,49c11f4c-ee2f-4567-8cbd-772bd876799d,true,,,0.4870220420216319,0.6301503094606543,34,Less_than_weekly,Somewhat_close,,false,true,false,false,false,false,false,false,false,true,true,false,false,false,false,false,false,false,true,false,false,false,false,,,,,,false,false,false,false,false,false,false,false,false,Finley Turner,,,,
4,43a006e5-0083-4034-b185-7c4146caa2d2,f11c73b3-b32a-479a-a555-121ad2734482,true,,,0.39177613461921557,0.38456233421750663,30,Less_than_weekly,Somewhat_close,,false,false,false,false,true,false,false,false,false,true,false,false,false,false,true,false,false,false,false,true,false,false,false,,,,,,false,false,false,false,false,false,false,false,false,Ellis,,,,
5,43a006e5-0083-4034-b185-7c4146caa2d2,ff1b224e-d50b-4530-b3c7-e2d1057086b8,true,true,true,0.7337614399381277,0.6131741821396994,29,Less_than_weekly,Somewhat_close,,false,true,false,false,false,false,false,false,false,true,false,false,false,true,false,false,false,true,false,false,false,false,false,Less_Than_Weekly,,,Less_than_weekly,Less_than_weekly,false,false,false,false,true,true,false,false,true,Blake Ward,2024-11-01,2024-11-01,false,
6,43a006e5-0083-4034-b185-7c4146caa2d2,1b6bf7cf-cf85-4df6-a4c5-9f4eea625c3a,true,true,true,0.453273492154634,0.501131741821397,26,Daily,Very_close,true,false,false,false,false,false,false,false,true,true,false,false,false,false,true,false,false,false,false,true,false,false,false,false,Weekly,,,Less_than_weekly,Weekly,false,false,false,false,false,true,false,false,true,Hayden Lopez,2024-06-21,2024-12-13,true,
7,43a006e5-0083-4034-b185-7c4146caa2d2,82486072-a948-4160-beb0-637b4874bf2a,true,true,true,0.7600103120569038,0.5384792219274978,35,Less_than_weekly,Somewhat_close,,false,true,false,false,false,false,false,false,false,true,false,false,false,true,false,false,false,false,true,false,false,false,false,Less_Than_Weekly,,,Less_than_weekly,Less_than_weekly,false,true,false,false,false,true,false,false,true,Robin Hall,,,false,
