"from","to","networkCanvasEgoUUID","networkCanvasUUID","networkCanvasSourceUUID","networkCanvasTargetUUID","AlterSexTie"
10,6,"79cee692-a513-408d-9701-0efe078b0240","68beb852-9095-417f-af57-97c9ae893ed3","2a20c4ff-2787-4e76-8c32-68820d5799e6","75162231-e317-4669-94af-9e45f652b68b","false"
4,10,"79cee692-a513-408d-9701-0efe078b0240","9c232201-5b4f-4c78-91bf-2d5f1ae44e93","b540b785-3925-49a0-8c59-e58984e59159","2a20c4ff-2787-4e76-8c32-68820d5799e6","false"
5,8,"79cee692-a513-408d-9701-0efe078b0240","ed5730d9-3de4-4242-967f-655c3f2a9659","494993df-bc87-42d5-933d-690095a898dc","23db7606-8aa4-4279-8bdf-746abd4dac22","true"
6,4,"79cee692-a513-408d-9701-0efe078b0240","ddbfbcf2-e3b0-4c92-9226-c262db71bdf2","75162231-e317-4669-94af-9e45f652b68b","b540b785-3925-49a0-8c59-e58984e59159","false"
1,3,"79cee692-a513-408d-9701-0efe078b0240","073f5bcf-44a5-4356-bc0f-5dc46c87b16f","64e301ea-95b3-47de-a9d3-e71edbedfa4d","351b543d-cb45-48b9-9c92-65ea5ad57e50","false"
4,8,"79cee692-a513-408d-9701-0efe078b0240","28f440de-ac03-49b0-827a-4a79d1ce0833","b540b785-3925-49a0-8c59-e58984e59159","23db7606-8aa4-4279-8bdf-746abd4dac22","true"
9,4,"79cee692-a513-408d-9701-0efe078b0240","d1a9b5f7-37f8-44ba-8f06-fc5bf7f20c09","7d016c66-0a8c-49db-a36f-efbc317cca48","b540b785-3925-49a0-8c59-e58984e59159","true"
5,1,"79cee692-a513-408d-9701-0efe078b0240","b90f4c5a-17f1-468a-9a83-9f2ecf1adb90","494993df-bc87-42d5-933d-690095a898dc","64e301ea-95b3-47de-a9d3-e71edbedfa4d","false"
