"from","to","networkCanvasEgoUUID","networkCanvasUUID","networkCanvasSourceUUID","networkCanvasTargetUUID","AlterSexTie"
10,8,"51ce5e11-9aed-4b07-8ccf-1e96f7194ba6","f22fb35b-d9be-405f-8133-6c9f80c3bda4","8c67c969-6f9a-4911-aee2-32ab6e2ec4ef","a8f675a4-7f0c-4c8d-8aa3-eb5e9e4bcd88","true"
7,8,"51ce5e11-9aed-4b07-8ccf-1e96f7194ba6","48638199-4528-43d4-b2fa-82569d61c1eb","e5b2ce4a-2c61-4e96-a75b-06f2ef70fcfc","a8f675a4-7f0c-4c8d-8aa3-eb5e9e4bcd88","false"
7,4,"51ce5e11-9aed-4b07-8ccf-1e96f7194ba6","f1fdad16-cb8c-497c-b268-68e973047250","e5b2ce4a-2c61-4e96-a75b-06f2ef70fcfc","7573ef78-6fdf-4276-8bb1-111d1813ce68","false"
1,5,"51ce5e11-9aed-4b07-8ccf-1e96f7194ba6","4596d553-10a7-49bb-b6c3-17e48bcac2dc","05fe37a2-6d64-4c24-80a8-33a196107bb1","07481c77-a3e6-4fd2-b417-7e051f1543fb","true"
4,11,"51ce5e11-9aed-4b07-8ccf-1e96f7194ba6","b348ba25-a110-4109-8d30-081592e25869","7573ef78-6fdf-4276-8bb1-111d1813ce68","0ce0f246-2455-4439-bfa7-b577f182637d","false"
