nodeID,networkCanvasEgoUUID,networkCanvasUUID,Close,Drugs,Sex,Cords_x,Cords_y,Age,ContactFreq,RelStrength,Serious,Gender_Female,Gender_Male,Gender_Gender_non-conforming,Gender_Genderqueer,Gender_Non-binary,Gender_Agender,Gender_Dont_know,Gender_Not_listed,Hispanic_Hispanic_or_Latino,Hispanic_Not_Hispanic_or_Latino,Race_Black_African_American,Race_American_Indian_or_Alaskan_Native,Race_Asian,Race_White,Race_Native_Hawaiian_or_Other_Pacific_Islander,Race_Other,SexOrient_Bisexual,SexOrient_Heterosexual_Straight,SexOrient_Gay_Lesbian,SexOrient_Queer,SexOrient_Not_listed,SexOrient_Dont_want_to_answer,SexOrient_Dont_know,MarijuanaFreq,CocaineFreq,HeroinFreq,PainkillerFreq,PoppersFreq,PlaceMet_Bar_Club,PlaceMet_Online_Mobile_App,PlaceMet_School,PlaceMet_Work,PlaceMet_Somewhere_Else,AnalSex_Anal_sex,AnalSex_No_anal_sex,CondomCat_Condomless_anal_sex,CondomCat_No_condomless_anal_sex,name,FirstSex,LastSex,OngoingPartner,null
1,d3e7a9b9-845b-4611-9253-a6a31dc265a7,ad0e2340-3e48-479b-a7dd-baf94a30527d,true,,,0.324075735285323,0.34613159797541576,33,Weekly,Somewhat_close,,false,true,false,false,false,false,false,false,false,true,false,false,false,true,false,false,false,false,true,false,false,false,false,,,,,,false,false,false,false,false,false,false,false,false,Aaron,,,,
2,d3e7a9b9-845b-4611-9253-a6a31dc265a7,f3e39ba4-37ac-4f0d-9cc8-c46715cf98b1,true,,,0.2865669142535912,0.4814895155459147,28,Weekly,Not_close_at_all,,false,true,false,false,false,false,false,false,true,false,false,false,false,true,false,false,false,false,true,false,false,false,false,,,,,,false,false,false,false,false,false,false,false,false,Julian,,,,
3,d3e7a9b9-845b-4611-9253-a6a31dc265a7,34dac1a5-59e5-4841-a8a7-4e0c6ba98cf2,true,true,,0.33249608286387505,0.572885032537961,45,Weekly,Somewhat_close,,false,true,false,false,false,false,false,false,false,true,false,false,false,true,false,false,false,false,true,false,false,false,false,,,,Less_than_weekly,,false,false,false,false,false,false,false,false,false,Chris,,,,
4,d3e7a9b9-845b-4611-9253-a6a31dc265a7,1636454b-9e21-4d86-a853-df0e753d38a9,,true,,0.41363761407537647,0.6816341287057123,39,Less_than_weekly,Somewhat_close,,false,true,false,false,false,false,false,false,false,true,false,false,false,true,false,false,false,false,true,false,false,false,false,,,,Less_than_weekly,,false,false,false,false,false,false,false,false,false,Victor,,,,
5,d3e7a9b9-845b-4611-9253-a6a31dc265a7,3a2eb63f-38af-4fe2-90b6-4f3fb6d60d38,,,true,0.5047304651524394,0.28250180766449745,24,Less_than_weekly,Somewhat_close,true,false,false,false,true,false,false,false,false,false,true,false,false,false,true,false,false,false,false,false,true,false,false,false,,,,,,false,true,false,false,false,false,true,false,false,Tyler,2024-08-19,2024-08-24,false,
6,d3e7a9b9-845b-4611-9253-a6a31dc265a7,df40dd9d-23e6-4341-b048-3a628ed80dec,,,true,0.3998588634922913,0.16565437454808388,31,Weekly,Very_close,true,false,true,false,false,false,false,false,false,false,true,false,false,false,true,false,false,false,false,true,false,false,false,false,,,,,,true,false,false,false,false,true,false,false,true,Mason,2024-07-17,2024-09-28,false,
7,d3e7a9b9-845b-4611-9253-a6a31dc265a7,e7e2c562-3cee-457c-9807-02f2e24eeabf,,,true,0.45191192125061297,0.3958785249457701,37,Daily,Very_close,,false,true,false,false,false,false,false,false,false,true,false,false,false,true,false,false,false,false,true,false,false,false,false,,,,,,false,true,false,false,false,true,false,false,true,Leo,2024-11-12,2024-12-16,true,
