edgeID,from,to,networkCanvasEgoUUID,networkCanvasUUID,networkCanvasSourceUUID,networkCanvasTargetUUID,AlterSexTie
1,4,3,2a891fd1-a8e9-49a8-9ee3-65c87e953793,2efffb0c-1d4b-4102-b776-4accad740649,596de58e-0376-4ea1-bc84-4f9d874b3714,6f052058-a26a-474b-8777-e4e74783e47a,
2,3,1,2a891fd1-a8e9-49a8-9ee3-65c87e953793,5a03fd8b-4313-43ae-9f9b-d0da1357b0a1,6f052058-a26a-474b-8777-e4e74783e47a,a37daaa8-0d4a-4f38-9904-12ad40c62564,
3,3,2,2a891fd1-a8e9-49a8-9ee3-65c87e953793,10d4d93a-df59-43e9-b7dd-fbd3f9e97f71,6f052058-a26a-474b-8777-e4e74783e47a,aa7818df-f96d-4045-9f80-40018d374afb,
4,4,5,2a891fd1-a8e9-49a8-9ee3-65c87e953793,619ddd8d-6210-4c94-8050-f4b2df27de7c,596de58e-0376-4ea1-bc84-4f9d874b3714,59bb503a-fc01-40f7-804a-e256785f9e0c,
5,4,6,2a891fd1-a8e9-49a8-9ee3-65c87e953793,867a2595-a9a8-410d-a0f3-e4a85b91f87e,596de58e-0376-4ea1-bc84-4f9d874b3714,95328e16-33f1-4b49-84c3-b6502e429750,
6,6,5,2a891fd1-a8e9-49a8-9ee3-65c87e953793,ee3f0de3-3730-448d-9699-d40cf8bbc219,95328e16-33f1-4b49-84c3-b6502e429750,59bb503a-fc01-40f7-804a-e256785f9e0c,
7,1,2,2a891fd1-a8e9-49a8-9ee3-65c87e953793,2e3386e3-ba90-4899-8c58-65a96a397ab8,a37daaa8-0d4a-4f38-9904-12ad40c62564,aa7818df-f96d-4045-9f80-40018d374afb,
