nodeID,networkCanvasEgoUUID,networkCanvasUUID,Close,Drugs,Sex,Cords_x,Cords_y,Age,ContactFreq,RelStrength,Serious,Gender_Female,Gender_Male,Gender_Gender_non-conforming,Gender_Genderqueer,Gender_Non-binary,Gender_Agender,Gender_Dont_know,Gender_Not_listed,Hispanic_Hispanic_or_Latino,Hispanic_Not_Hispanic_or_Latino,Race_Black_African_American,Race_American_Indian_or_Alaskan_Native,Race_Asian,Race_White,Race_Native_Hawaiian_or_Other_Pacific_Islander,Race_Other,SexOrient_Bisexual,SexOrient_Heterosexual_Straight,SexOrient_Gay_Lesbian,SexOrient_Queer,SexOrient_Not_listed,SexOrient_Dont_want_to_answer,SexOrient_Dont_know,MarijuanaFreq,CocaineFreq,HeroinFreq,PainkillerFreq,PoppersFreq,PlaceMet_Bar_Club,PlaceMet_Online_Mobile_App,PlaceMet_School,PlaceMet_Work,PlaceMet_Somewhere_Else,AnalSex_Anal_sex,AnalSex_No_anal_sex,CondomCat_Condomless_anal_sex,CondomCat_No_condomless_anal_sex,name,FirstSex,LastSex,OngoingPartner
1,aae09896-5fc5-4295-8349-58045da6e86a,fdc65075-e24d-44ae-83a4-ccfc262c325d,true,true,false,0.752447,0.276739,60,Never,Somewhat_close,true,true,false,false,false,false,false,false,false,true,false,false,false,false,false,false,true,false,false,true,false,false,false,false,Weekly,Less_than_weekly,Weekly,Not_in_hte_past_6_months,Less_than_weekly,false,true,false,false,false,false,true,false,true,Christy Witting,2023-07-16,2023-07-16,true
2,aae09896-5fc5-4295-8349-58045da6e86a,2a7b3853-6ec0-4286-8c23-50c6917474d2,true,true,true,0.160053,0.262752,64,Weekly,Somewhat_close,true,false,false,false,true,false,false,false,false,false,true,false,false,true,false,false,false,false,false,false,false,false,false,true,Weekly,Weekly,Weekly,Not_in_hte_past_6_months,Daily,false,false,false,false,true,true,false,true,false,Molly Hermiston,2023-07-17,2023-07-16,true
3,aae09896-5fc5-4295-8349-58045da6e86a,e2f1917d-29be-445f-a094-6b20ec66b3d1,true,false,false,0.410897,0.966477,79,Never,Not_close_at_all,true,false,false,false,false,false,true,false,false,false,true,false,false,false,false,false,true,false,false,false,true,false,false,false,Weekly,Not_in_the_past_6_months,Not_in_the_past_6_months,Daily,Daily,true,false,false,false,false,false,true,false,true,Beulah Von,2023-07-17,2023-07-16,true
4,aae09896-5fc5-4295-8349-58045da6e86a,38173b7d-1c84-4967-b753-7725e0cf7d8b,true,true,true,0.275946,0.581562,32,Weekly,Not_close_at_all,true,false,false,false,false,false,false,true,false,false,true,true,false,false,false,false,false,false,false,true,false,false,false,false,Daily,Weekly,Daily,Less_than_weekly,Weekly,false,false,false,true,false,true,false,false,true,Ellis Nikolaus,2023-07-17,2023-07-17,false
