nodeID,networkCanvasEgoUUID,networkCanvasUUID,Close,Drugs,Sex,Cords_x,Cords_y,Age,ContactFreq,RelStrength,Serious,Gender_Female,Gender_Male,Gender_Gender_non-conforming,Gender_Genderqueer,Gender_Non-binary,Gender_Agender,Gender_Dont_know,Gender_Not_listed,Hispanic_Hispanic_or_Latino,Hispanic_Not_Hispanic_or_Latino,Race_Black_African_American,Race_American_Indian_or_Alaskan_Native,Race_Asian,Race_White,Race_Native_Hawaiian_or_Other_Pacific_Islander,Race_Other,SexOrient_Bisexual,SexOrient_Heterosexual_Straight,SexOrient_Gay_Lesbian,SexOrient_Queer,SexOrient_Not_listed,SexOrient_Dont_want_to_answer,SexOrient_Dont_know,MarijuanaFreq,CocaineFreq,HeroinFreq,PainkillerFreq,PoppersFreq,PlaceMet_Bar_Club,PlaceMet_Online_Mobile_App,PlaceMet_School,PlaceMet_Work,PlaceMet_Somewhere_Else,AnalSex_Anal_sex,AnalSex_No_anal_sex,CondomCat_Condomless_anal_sex,CondomCat_No_condomless_anal_sex,name,FirstSex,LastSex,OngoingPartner,null
1,2a891fd1-a8e9-49a8-9ee3-65c87e953793,a37daaa8-0d4a-4f38-9904-12ad40c62564,true,true,,0.4157751034135252,0.34042440318302386,27,Daily,Very_close,,false,true,false,false,false,false,false,false,false,true,true,false,false,false,false,false,false,false,true,false,false,false,false,Weekly,,,Weekly,,false,false,false,false,false,false,false,false,false,Alex Jordan,,,,
2,2a891fd1-a8e9-49a8-9ee3-65c87e953793,aa7818df-f96d-4045-9f80-40018d374afb,true,,,0.5402697540340063,0.3053404067197171,32,Daily,Very_close,,false,true,false,false,false,false,false,false,false,true,false,true,false,false,false,false,true,false,false,false,false,false,false,,,,,,false,false,false,false,false,false,false,false,false,Micah Key,,,,
3,2a891fd1-a8e9-49a8-9ee3-65c87e953793,6f052058-a26a-474b-8777-e4e74783e47a,true,,true,0.4975215908691423,0.41398762157382846,23,Weekly,Somewhat_close,,false,true,false,false,false,false,false,false,true,false,false,false,false,true,false,false,false,false,true,false,false,false,false,,,,,,false,false,false,true,false,true,false,false,true,Sam Morgan,,,true,
4,2a891fd1-a8e9-49a8-9ee3-65c87e953793,596de58e-0376-4ea1-bc84-4f9d874b3714,true,,true,0.5012714297432532,0.6029885057471265,28,Less_than_weekly,Somewhat_close,,false,true,false,false,false,false,false,false,true,false,false,false,false,false,true,false,false,false,true,false,false,false,false,,,,,,false,false,false,false,true,true,false,false,true,Lane Torres,,,true,
5,2a891fd1-a8e9-49a8-9ee3-65c87e953793,59bb503a-fc01-40f7-804a-e256785f9e0c,true,,,0.4465237821812344,0.7286118479221928,31,Weekly,Somewhat_close,,false,true,false,false,false,false,false,false,false,true,false,false,true,false,false,false,true,false,false,false,false,false,false,,,,,,false,false,false,false,false,false,false,false,false,Elliot Bailey,,,,
6,2a891fd1-a8e9-49a8-9ee3-65c87e953793,95328e16-33f1-4b49-84c3-b6502e429750,true,,,0.5980172726953139,0.678815207780725,,Less_than_weekly,Somewhat_close,,false,true,false,false,false,false,false,false,false,true,false,false,false,false,true,false,false,false,false,true,false,false,false,,,,,,false,false,false,false,false,false,false,false,false,Dylan Reed,,,,
