nodeID,networkCanvasEgoUUID,networkCanvasUUID,Close,Drugs,Sex,Cords_x,Cords_y,Age,ContactFreq,RelStrength,Serious,Gender_Female,Gender_Male,Gender_Gender_non-conforming,Gender_Genderqueer,Gender_Non-binary,Gender_Agender,Gender_Dont_know,Gender_Not_listed,Hispanic_Hispanic_or_Latino,Hispanic_Not_Hispanic_or_Latino,Race_Black_African_American,Race_American_Indian_or_Alaskan_Native,Race_Asian,Race_White,Race_Native_Hawaiian_or_Other_Pacific_Islander,Race_Other,SexOrient_Bisexual,SexOrient_Heterosexual_Straight,SexOrient_Gay_Lesbian,SexOrient_Queer,SexOrient_Not_listed,SexOrient_Dont_want_to_answer,SexOrient_Dont_know,MarijuanaFreq,CocaineFreq,HeroinFreq,PainkillerFreq,PoppersFreq,PlaceMet_Bar_Club,PlaceMet_Online_Mobile_App,PlaceMet_School,PlaceMet_Work,PlaceMet_Somewhere_Else,AnalSex_Anal_sex,AnalSex_No_anal_sex,CondomCat_Condomless_anal_sex,CondomCat_No_condomless_anal_sex,name,FirstSex,LastSex,OngoingPartner
1,102783ac-c48d-4953-97e6-3d84f39fd5d5,1a102c5d-7976-4518-bf7f-4f22522552c6,true,true,false,0.75743,0.822234,79,Daily,Very_close,false,false,true,false,false,false,false,false,false,false,true,false,false,false,false,false,true,false,false,true,false,false,false,false,Not_in_the_past_six_months,Not_in_the_past_6_months,Less_than_weekly,Less_than_weekly,Weekly,false,false,false,false,true,true,false,true,false,Marvin Will,2023-07-17,2023-07-17,false
2,102783ac-c48d-4953-97e6-3d84f39fd5d5,c27ed838-0d5d-4089-bd72-37932d4a88a1,true,false,false,0.372923,0.667435,89,Weekly,Somewhat_close,true,true,false,false,false,false,false,false,false,false,true,false,true,false,false,false,false,false,false,false,true,false,false,false,Not_in_the_past_six_months,Less_than_weekly,Weekly,Daily,Less_than_weekly,true,false,false,false,false,true,false,true,false,Cathy Thompson,2023-07-17,2023-07-16,true
3,102783ac-c48d-4953-97e6-3d84f39fd5d5,64d893e5-61fa-4969-a018-0c24440acf0a,true,true,false,0.46457,0.765924,65,Never,Not_close_at_all,true,true,false,false,false,false,false,false,false,true,false,false,true,false,false,false,false,false,true,false,false,false,false,false,Weekly,Daily,Weekly,Not_in_hte_past_6_months,Weekly,true,false,false,false,false,true,false,false,true,Luther Lebsack III,2023-07-16,2023-07-16,false
4,102783ac-c48d-4953-97e6-3d84f39fd5d5,bba4f38a-d40e-494b-af87-67086edab615,true,true,true,0.581922,0.996888,68,Never,Very_close,true,false,false,false,false,false,false,true,false,false,true,false,false,true,false,false,false,false,false,false,false,false,true,false,Less_Than_Weekly,Not_in_the_past_6_months,Not_in_the_past_6_months,Weekly,Less_than_weekly,false,false,false,true,false,true,false,false,true,Sheldon Zboncak,2023-07-17,2023-07-17,false
5,102783ac-c48d-4953-97e6-3d84f39fd5d5,756d49fb-3430-4881-a13c-c21908e2be44,false,false,true,0.667257,0.343443,60,Daily,Somewhat_close,false,false,false,false,true,false,false,false,false,true,false,false,false,true,false,false,false,false,false,false,false,true,false,false,Weekly,Less_than_weekly,Daily,Weekly,Less_than_weekly,false,false,false,true,false,true,false,true,false,Horace Kling,2023-07-17,2023-07-16,true
6,102783ac-c48d-4953-97e6-3d84f39fd5d5,3a37d3d4-733e-41ef-9cdf-1c0d2952419e,true,true,true,0.042411,0.13356,49,Daily,Very_close,true,false,false,false,false,false,false,false,true,false,true,false,false,false,false,false,true,false,false,false,true,false,false,false,Not_in_the_past_six_months,Less_than_weekly,Less_than_weekly,Daily,Less_than_weekly,false,true,false,false,false,false,true,true,false,Herbert Hirthe,2023-07-16,2023-07-17,true
7,102783ac-c48d-4953-97e6-3d84f39fd5d5,50944316-1b86-499c-98f9-f21a8025c00a,true,false,true,0.570658,0.406863,40,Less_than_weekly,Not_close_at_all,false,false,true,false,false,false,false,false,false,false,true,true,false,false,false,false,false,false,false,false,false,false,false,true,Not_in_the_past_six_months,Daily,Not_in_the_past_6_months,Weekly,Less_than_weekly,false,true,false,false,false,true,false,true,false,Ernestine Crist,2023-07-17,2023-07-16,true
8,102783ac-c48d-4953-97e6-3d84f39fd5d5,49b97cad-856a-4dc9-9eda-a8fd7566f16d,true,true,false,0.332097,0.84754,65,Weekly,Somewhat_close,true,false,false,false,false,false,false,false,true,true,false,true,false,false,false,false,false,false,false,false,false,true,false,false,Not_in_the_past_six_months,Daily,Less_than_weekly,Daily,Daily,false,false,false,false,true,true,false,false,true,Israel Jerde,2023-07-17,2023-07-17,false
