edgeID,from,to,networkCanvasEgoUUID,networkCanvasUUID,networkCanvasSourceUUID,networkCanvasTargetUUID,AlterSexTie
1,3,4,6e26f4dd-64ea-4ae5-8447-dfb44bed3354,1e897182-ee07-44da-bf52-80510097139c,01ab4b4f-c12d-46df-aaef-78c335736baa,9152d2e4-8721-40e5-9de1-15179da0fdb0,
2,1,4,6e26f4dd-64ea-4ae5-8447-dfb44bed3354,a0d5852b-7c86-4e49-a18b-7560f235455b,4a517084-363c-4e17-89b0-aac53950c993,9152d2e4-8721-40e5-9de1-15179da0fdb0,
3,3,1,6e26f4dd-64ea-4ae5-8447-dfb44bed3354,bac69008-5883-4a04-84b3-251a5ce65845,01ab4b4f-c12d-46df-aaef-78c335736baa,4a517084-363c-4e17-89b0-aac53950c993,
4,4,2,6e26f4dd-64ea-4ae5-8447-dfb44bed3354,2800ef8e-ca1a-4a08-be9c-27366fcc3e80,9152d2e4-8721-40e5-9de1-15179da0fdb0,5190efca-1a87-470d-9434-5dc030d2ed8f,
5,1,5,6e26f4dd-64ea-4ae5-8447-dfb44bed3354,b8cfa994-8b95-4832-9879-eb0fec37bcc3,4a517084-363c-4e17-89b0-aac53950c993,555af46c-b373-49ef-a90d-a9b7e02d2420,
