nodeID,networkCanvasEgoUUID,networkCanvasUUID,Close,Drugs,Sex,Cords_x,Cords_y,Age,ContactFreq,RelStrength,Serious,Gender_Female,Gender_Male,Gender_Gender_non-conforming,Gender_Genderqueer,Gender_Non-binary,Gender_Agender,Gender_Dont_know,Gender_Not_listed,Hispanic_Hispanic_or_Latino,Hispanic_Not_Hispanic_or_Latino,Race_Black_African_American,Race_American_Indian_or_Alaskan_Native,Race_Asian,Race_White,Race_Native_Hawaiian_or_Other_Pacific_Islander,Race_Other,SexOrient_Bisexual,SexOrient_Heterosexual_Straight,SexOrient_Gay_Lesbian,SexOrient_Queer,SexOrient_Not_listed,SexOrient_Dont_want_to_answer,SexOrient_Dont_know,MarijuanaFreq,CocaineFreq,HeroinFreq,PainkillerFreq,PoppersFreq,PlaceMet_Bar_Club,PlaceMet_Online_Mobile_App,PlaceMet_School,PlaceMet_Work,PlaceMet_Somewhere_Else,AnalSex_Anal_sex,AnalSex_No_anal_sex,CondomCat_Condomless_anal_sex,CondomCat_No_condomless_anal_sex,name,FirstSex,LastSex,OngoingPartner
1,0ce518be-d845-4439-8e3a-bd6b86e7cf40,082fddc8-78de-4370-9609-34d637b3c027,true,true,true,0.3059564628020094,0.2454808387563268,57,Less_than_weekly,Very_close,true,false,false,true,false,false,false,false,false,false,true,false,false,false,false,false,true,false,false,true,false,false,false,false,Less_Than_Weekly,Daily,Weekly,Less_than_weekly,Weekly,false,false,true,false,false,true,false,false,true,Rachel Prosacco,2023-07-16,2023-07-17,false
2,0ce518be-d845-4439-8e3a-bd6b86e7cf40,cead0bb3-3061-49e2-b16b-f996a433d3d1,false,false,true,0.34167929192249424,0.6426849843335743,97,Less_than_weekly,Not_close_at_all,false,false,false,false,true,false,false,false,false,true,false,false,false,false,false,false,true,false,false,false,true,false,false,false,Daily,Not_in_the_past_6_months,Not_in_the_past_6_months,Daily,Daily,false,false,false,false,true,true,false,false,true,Belinda Rosenbaum,2023-07-17,2023-07-17,false
3,0ce518be-d845-4439-8e3a-bd6b86e7cf40,757ee010-e857-4f04-9c0f-844c08f1b8f3,false,true,false,0.49796666932461525,0.4382983851530489,72,Never,Somewhat_close,true,false,false,false,false,false,false,true,false,false,true,false,false,false,true,false,false,false,false,false,false,false,false,true,Weekly,Less_than_weekly,Less_than_weekly,Weekly,Daily,false,false,true,false,false,true,false,false,true,Vincent Hammes,2023-07-17,2023-07-17,false
4,0ce518be-d845-4439-8e3a-bd6b86e7cf40,0c8baeff-0278-4044-9ec4-d51251ca96a7,true,true,false,0.2734231719958536,0.4932513858761147,49,Never,Not_close_at_all,false,true,false,false,false,false,false,false,false,true,false,false,false,false,false,true,false,false,false,false,false,false,true,false,Less_Than_Weekly,Weekly,Not_in_the_past_6_months,Less_than_weekly,Weekly,false,true,false,false,false,true,false,false,true,Rodney Grimes,2023-07-16,2023-07-17,true
5,0ce518be-d845-4439-8e3a-bd6b86e7cf40,130b1b1d-b131-44ad-826d-0ade2c858124,false,true,false,0.2485447731440874,0.774765003615329,69,Less_than_weekly,Not_close_at_all,true,false,false,false,false,true,false,false,false,true,false,false,false,false,false,true,false,false,false,false,true,false,false,false,Not_in_the_past_six_months,Weekly,Weekly,Daily,Less_than_weekly,true,false,false,false,false,true,false,false,true,Marc Bartoletti,2023-07-17,2023-07-16,false
6,0ce518be-d845-4439-8e3a-bd6b86e7cf40,8055284d-44ad-415b-a8f0-344586c48720,false,false,false,0.6280998325492385,0.282116172571704,94,Weekly,Somewhat_close,false,true,false,false,false,false,false,false,false,true,false,true,false,false,false,false,false,false,false,false,true,false,false,false,Less_Than_Weekly,Not_in_the_past_6_months,Daily,Less_than_weekly,Less_than_weekly,false,false,true,false,false,true,false,true,false,Homer Boyle,2023-07-17,2023-07-17,false
7,0ce518be-d845-4439-8e3a-bd6b86e7cf40,fd825380-d01f-43ce-97af-e5cb3356658e,true,false,false,0.6676501076469181,0.5241021932995903,33,Never,Very_close,false,true,false,false,false,false,false,false,false,true,false,false,false,false,false,false,true,false,false,false,false,false,true,false,Not_in_the_past_six_months,Daily,Not_in_the_past_6_months,Weekly,Weekly,false,false,true,false,false,true,false,false,true,Krystal Schamberger,2023-07-17,2023-07-17,false
