edgeID,from,to,networkCanvasEgoUUID,networkCanvasUUID,networkCanvasSourceUUID,networkCanvasTargetUUID,AlterSexTie
1,5,4,73f7a086-46fd-4589-a66e-41d14f0e2880,51a0d4dd-8ab9-4921-82d9-56a5f4b3286b,1b240e84-0983-4688-87ea-c96eed7401f3,0ce28757-2c7d-48b4-afaf-12fc8282540c,
2,1,4,73f7a086-46fd-4589-a66e-41d14f0e2880,769ca019-8807-430c-9c8b-f751a363d447,19670eb2-5abe-4ba5-92ce-d60e494e04ab,0ce28757-2c7d-48b4-afaf-12fc8282540c,
3,1,5,73f7a086-46fd-4589-a66e-41d14f0e2880,00232e08-4f0b-48cb-9c65-c05494dab182,19670eb2-5abe-4ba5-92ce-d60e494e04ab,1b240e84-0983-4688-87ea-c96eed7401f3,
4,2,3,73f7a086-46fd-4589-a66e-41d14f0e2880,e6e98ae0-47fd-4f12-9a02-a33ad9394de3,a6a3f37d-ba5e-455b-a994-adb905539f0e,8a1eab74-87dc-4c0a-8b5e-547128d3f92f,
