nodeID,networkCanvasEgoUUID,networkCanvasUUID,Close,Drugs,Sex,Cords_x,Cords_y,Age,ContactFreq,RelStrength,Serious,Gender_Female,Gender_Male,Gender_Gender_non-conforming,Gender_Genderqueer,Gender_Non-binary,Gender_Agender,Gender_Dont_know,Gender_Not_listed,Hispanic_Hispanic_or_Latino,Hispanic_Not_Hispanic_or_Latino,Race_Black_African_American,Race_American_Indian_or_Alaskan_Native,Race_Asian,Race_White,Race_Native_Hawaiian_or_Other_Pacific_Islander,Race_Other,SexOrient_Bisexual,SexOrient_Heterosexual_Straight,SexOrient_Gay_Lesbian,SexOrient_Queer,SexOrient_Not_listed,SexOrient_Dont_want_to_answer,SexOrient_Dont_know,MarijuanaFreq,CocaineFreq,HeroinFreq,PainkillerFreq,PoppersFreq,PlaceMet_Bar_Club,PlaceMet_Online_Mobile_App,PlaceMet_School,PlaceMet_Work,PlaceMet_Somewhere_Else,AnalSex_Anal_sex,AnalSex_No_anal_sex,CondomCat_Condomless_anal_sex,CondomCat_No_condomless_anal_sex,name,FirstSex,LastSex,OngoingPartner,null
1,31800624-e74b-47ec-b37b-e83f36bd3ed2,79f986a6-3046-4b6e-aba4-76e4b36b20b9,true,true,,0.2590318384756905,0.41172413793103446,24,Less_than_weekly,Not_close_at_all,,false,true,false,false,false,false,false,false,false,true,false,false,true,false,false,false,false,false,true,false,false,false,false,Less_Than_Weekly,,Less_than_weekly,Less_than_weekly,Less_than_weekly,false,false,false,false,false,false,false,false,false,Charlie Nguyen,,,,
2,31800624-e74b-47ec-b37b-e83f36bd3ed2,57ac8c1e-b422-429c-baf0-8e6c93f41304,true,true,,0.4097753612149478,0.1514235190097259,32,Less_than_weekly,Not_close_at_all,,false,true,false,false,false,false,false,false,false,true,false,false,false,true,false,false,false,false,true,false,false,false,false,Less_Than_Weekly,,Less_than_weekly,Less_than_weekly,Less_than_weekly,false,false,false,false,false,false,false,false,false,Parker Bell,,,,
3,31800624-e74b-47ec-b37b-e83f36bd3ed2,8ffb9656-57d4-4ed6-975a-927ab2cceb86,true,true,,0.2860306783692888,0.7523784261715296,,Less_than_weekly,Not_close_at_all,,false,true,false,false,false,false,false,false,false,true,false,true,false,false,false,false,false,false,true,false,false,false,false,Less_Than_Weekly,,Less_than_weekly,Less_than_weekly,Less_than_weekly,false,false,false,false,false,false,false,false,false,Emerson Lewis,,,,
4,31800624-e74b-47ec-b37b-e83f36bd3ed2,e9b75280-8cd5-44b2-aaf3-fded55c66cc7,,true,,0.6070168859931799,0.872343059239611,29,Less_than_weekly,Not_close_at_all,,false,true,false,false,false,false,false,false,false,true,false,false,false,true,false,false,true,false,false,false,false,false,false,Less_Than_Weekly,,Less_than_weekly,Less_than_weekly,Less_than_weekly,false,false,false,false,false,false,false,false,false,Dakota Foster,,,,
5,31800624-e74b-47ec-b37b-e83f36bd3ed2,8661e43f-cacd-41bd-82a5-a8c8e66ddce4,,true,true,0.6100167570924687,0.1751900972590628,31,Less_than_weekly,Not_close_at_all,,false,true,false,false,false,false,false,false,false,true,false,false,false,true,false,false,false,false,false,false,false,false,true,Less_Than_Weekly,,Less_than_weekly,Less_than_weekly,Less_than_weekly,false,false,false,false,true,true,false,true,false,Jesse Parker,,,false,
